{"Version":1,"ManifestType":"Publish","Endpoints":[{"Route":"CRUDaster.7d6jpvlxny.styles.css","AssetFile":"CRUDaster.styles.css.gz","Selectors":[{"Name":"Content-Encoding","Value":"gzip","Quality":"0.000561797753"}],"ResponseHeaders":[{"Name":"Accept-Ranges","Value":"bytes"},{"Name":"Cache-Control","Value":"max-age=31536000, immutable"},{"Name":"Content-Encoding","Value":"gzip"},{"Name":"Content-Length","Value":"1779"},{"Name":"Content-Type","Value":"text/css"},{"Name":"ETag","Value":"\"apFAF3cTgQaee54Ffob6Q7571SKjSIEF0WoCQ2Ivtmc=\""},{"Name":"ETag","Value":"W/\"BTQ2I90eLPeJGvD3C5Bk9KS8ILBs0oLo8v0SxhZnQIs=\""},{"Name":"Last-Modified","Value":"Thu, 06 Nov 2025 18:33:44 GMT"},{"Name":"Vary","Value":"Content-Encoding"}],"EndpointProperties":[{"Name":"fingerprint","Value":"7d6jpvlxny"},{"Name":"integrity","Value":"sha256-BTQ2I90eLPeJGvD3C5Bk9KS8ILBs0oLo8v0SxhZnQIs="},{"Name":"label","Value":"CRUDaster.styles.css"}]},{"Route":"CRUDaster.7d6jpvlxny.styles.css","AssetFile":"CRUDaster.styles.css.br","Selectors":[{"Name":"Content-Encoding","Value":"br","Quality":"0.000668449198"}],"ResponseHeaders":[{"Name":"Accept-Ranges","Value":"bytes"},{"Name":"Cache-Control","Value":"max-age=31536000, immutable"},{"Name":"Content-Encoding","Value":"br"},{"Name":"Content-Length","Value":"1495"},{"Name":"Content-Type","Value":"text/css"},{"Name":"ETag","Value":"\"zAcWJYppINVbl2jXIrZmAFOX1AW9Usqsi5ZpJ3z4eWk=\""},{"Name":"ETag","Value":"W/\"BTQ2I90eLPeJGvD3C5Bk9KS8ILBs0oLo8v0SxhZnQIs=\""},{"Name":"Last-Modified","Value":"Thu, 06 Nov 2025 18:33:45 GMT"},{"Name":"Vary","Value":"Content-Encoding"}],"EndpointProperties":[{"Name":"fingerprint","Value":"7d6jpvlxny"},{"Name":"integrity","Value":"sha256-BTQ2I90eLPeJGvD3C5Bk9KS8ILBs0oLo8v0SxhZnQIs="},{"Name":"label","Value":"CRUDaster.styles.css"}]},{"Route":"CRUDaster.7d6jpvlxny.styles.css","AssetFile":"CRUDaster.styles.css","Selectors":[],"ResponseHeaders":[{"Name":"Accept-Ranges","Value":"bytes"},{"Name":"Cache-Control","Value":"max-age=31536000, immutable"},{"Name":"Content-Length","Value":"5965"},{"Name":"Content-Type","Value":"text/css"},{"Name":"ETag","Value":"\"BTQ2I90eLPeJGvD3C5Bk9KS8ILBs0oLo8v0SxhZnQIs=\""},{"Name":"Last-Modified","Value":"Thu, 06 Nov 2025 18:33:44 GMT"}],"EndpointProperties":[{"Name":"fingerprint","Value":"7d6jpvlxny"},{"Name":"integrity","Value":"sha256-BTQ2I90eLPeJGvD3C5Bk9KS8ILBs0oLo8v0SxhZnQIs="},{"Name":"label","Value":"CRUDaster.styles.css"}]},{"Route":"CRUDaster.7d6jpvlxny.styles.css.br","AssetFile":"CRUDaster.styles.css.br","Selectors":[],"ResponseHeaders":[{"Name":"Accept-Ranges","Value":"bytes"},{"Name":"Cache-Control","Value":"max-age=31536000, immutable"},{"Name":"Content-Encoding","Value":"br"},{"Name":"Content-Length","Value":"1495"},{"Name":"Content-Type","Value":"text/css"},{"Name":"ETag","Value":"\"zAcWJYppINVbl2jXIrZmAFOX1AW9Usqsi5ZpJ3z4eWk=\""},{"Name":"Last-Modified","Value":"Thu, 06 Nov 2025 18:33:45 GMT"},{"Name":"Vary","Value":"Content-Encoding"}],"EndpointProperties":[{"Name":"fingerprint","Value":"7d6jpvlxny"},{"Name":"integrity","Value":"sha256-zAcWJYppINVbl2jXIrZmAFOX1AW9Usqsi5ZpJ3z4eWk="},{"Name":"label","Value":"CRUDaster.styles.css.br"}]},{"Route":"CRUDaster.7d6jpvlxny.styles.css.gz","AssetFile":"CRUDaster.styles.css.gz","Selectors":[],"ResponseHeaders":[{"Name":"Accept-Ranges","Value":"bytes"},{"Name":"Cache-Control","Value":"max-age=31536000, immutable"},{"Name":"Content-Encoding","Value":"gzip"},{"Name":"Content-Length","Value":"1779"},{"Name":"Content-Type","Value":"text/css"},{"Name":"ETag","Value":"\"apFAF3cTgQaee54Ffob6Q7571SKjSIEF0WoCQ2Ivtmc=\""},{"Name":"Last-Modified","Value":"Thu, 06 Nov 2025 18:33:44 GMT"},{"Name":"Vary","Value":"Content-Encoding"}],"EndpointProperties":[{"Name":"fingerprint","Value":"7d6jpvlxny"},{"Name":"integrity","Value":"sha256-apFAF3cTgQaee54Ffob6Q7571SKjSIEF0WoCQ2Ivtmc="},{"Name":"label","Value":"CRUDaster.styles.css.gz"}]},{"Route":"CRUDaster.styles.css","AssetFile":"CRUDaster.styles.css.gz","Selectors":[{"Name":"Content-Encoding","Value":"gzip","Quality":"0.000561797753"}],"ResponseHeaders":[{"Name":"Accept-Ranges","Value":"bytes"},{"Name":"Cache-Control","Value":"no-cache"},{"Name":"Content-Encoding","Value":"gzip"},{"Name":"Content-Length","Value":"1779"},{"Name":"Content-Type","Value":"text/css"},{"Name":"ETag","Value":"\"apFAF3cTgQaee54Ffob6Q7571SKjSIEF0WoCQ2Ivtmc=\""},{"Name":"ETag","Value":"W/\"BTQ2I90eLPeJGvD3C5Bk9KS8ILBs0oLo8v0SxhZnQIs=\""},{"Name":"Last-Modified","Value":"Thu, 06 Nov 2025 18:33:44 GMT"},{"Name":"Vary","Value":"Content-Encoding"}],"EndpointProperties":[{"Name":"integrity","Value":"sha256-BTQ2I90eLPeJGvD3C5Bk9KS8ILBs0oLo8v0SxhZnQIs="}]},{"Route":"CRUDaster.styles.css","AssetFile":"CRUDaster.styles.css.br","Selectors":[{"Name":"Content-Encoding","Value":"br","Quality":"0.000668449198"}],"ResponseHeaders":[{"Name":"Accept-Ranges","Value":"bytes"},{"Name":"Cache-Control","Value":"no-cache"},{"Name":"Content-Encoding","Value":"br"},{"Name":"Content-Length","Value":"1495"},{"Name":"Content-Type","Value":"text/css"},{"Name":"ETag","Value":"\"zAcWJYppINVbl2jXIrZmAFOX1AW9Usqsi5ZpJ3z4eWk=\""},{"Name":"ETag","Value":"W/\"BTQ2I90eLPeJGvD3C5Bk9KS8ILBs0oLo8v0SxhZnQIs=\""},{"Name":"Last-Modified","Value":"Thu, 06 Nov 2025 18:33:45 GMT"},{"Name":"Vary","Value":"Content-Encoding"}],"EndpointProperties":[{"Name":"integrity","Value":"sha256-BTQ2I90eLPeJGvD3C5Bk9KS8ILBs0oLo8v0SxhZnQIs="}]},{"Route":"CRUDaster.styles.css","AssetFile":"CRUDaster.styles.css","Selectors":[],"ResponseHeaders":[{"Name":"Accept-Ranges","Value":"bytes"},{"Name":"Cache-Control","Value":"no-cache"},{"Name":"Content-Length","Value":"5965"},{"Name":"Content-Type","Value":"text/css"},{"Name":"ETag","Value":"\"BTQ2I90eLPeJGvD3C5Bk9KS8ILBs0oLo8v0SxhZnQIs=\""},{"Name":"Last-Modified","Value":"Thu, 06 Nov 2025 18:33:44 GMT"}],"EndpointProperties":[{"Name":"integrity","Value":"sha256-BTQ2I90eLPeJGvD3C5Bk9KS8ILBs0oLo8v0SxhZnQIs="}]},{"Route":"CRUDaster.styles.css.br","AssetFile":"CRUDaster.styles.css.br","Selectors":[],"ResponseHeaders":[{"Name":"Accept-Ranges","Value":"bytes"},{"Name":"Cache-Control","Value":"no-cache"},{"Name":"Content-Encoding","Value":"br"},{"Name":"Content-Length","Value":"1495"},{"Name":"Content-Type","Value":"text/css"},{"Name":"ETag","Value":"\"zAcWJYppINVbl2jXIrZmAFOX1AW9Usqsi5ZpJ3z4eWk=\""},{"Name":"Last-Modified","Value":"Thu, 06 Nov 2025 18:33:45 GMT"},{"Name":"Vary","Value":"Content-Encoding"}],"EndpointProperties":[{"Name":"integrity","Value":"sha256-zAcWJYppINVbl2jXIrZmAFOX1AW9Usqsi5ZpJ3z4eWk="}]},{"Route":"CRUDaster.styles.css.gz","AssetFile":"CRUDaster.styles.css.gz","Selectors":[],"ResponseHeaders":[{"Name":"Accept-Ranges","Value":"bytes"},{"Name":"Cache-Control","Value":"no-cache"},{"Name":"Content-Encoding","Value":"gzip"},{"Name":"Content-Length","Value":"1779"},{"Name":"Content-Type","Value":"text/css"},{"Name":"ETag","Value":"\"apFAF3cTgQaee54Ffob6Q7571SKjSIEF0WoCQ2Ivtmc=\""},{"Name":"Last-Modified","Value":"Thu, 06 Nov 2025 18:33:44 GMT"},{"Name":"Vary","Value":"Content-Encoding"}],"EndpointProperties":[{"Name":"integrity","Value":"sha256-apFAF3cTgQaee54Ffob6Q7571SKjSIEF0WoCQ2Ivtmc="}]},{"Route":"_content/MudBlazor/MudBlazor.min.css","AssetFile":"_content/MudBlazor/MudBlazor.min.css","Selectors":[],"ResponseHeaders":[{"Name":"Accept-Ranges","Value":"bytes"},{"Name":"Cache-Control","Value":"no-cache"},{"Name":"Content-Length","Value":"604382"},{"Name":"Content-Type","Value":"text/css"},{"Name":"ETag","Value":"\"dbrztyw7cpD/dvGeaqylyRiNofbn9I08NpD/6iCdbjA=\""},{"Name":"Last-Modified","Value":"Fri, 30 May 2025 08:29:34 GMT"}],"EndpointProperties":[{"Name":"integrity","Value":"sha256-dbrztyw7cpD/dvGeaqylyRiNofbn9I08NpD/6iCdbjA="}]},{"Route":"_content/MudBlazor/MudBlazor.min.css","AssetFile":"_content/MudBlazor/MudBlazor.min.css.br","Selectors":[{"Name":"Content-Encoding","Value":"br","Quality":"0.000024469621"}],"ResponseHeaders":[{"Name":"Accept-Ranges","Value":"bytes"},{"Name":"Cache-Control","Value":"no-cache"},{"Name":"Content-Encoding","Value":"br"},{"Name":"Content-Length","Value":"40866"},{"Name":"Content-Type","Value":"text/css"},{"Name":"ETag","Value":"\"a8Ltjuisqwofi2fPFT3W2OPhUqAlQaNRcv8Am3QD2q4=\""},{"Name":"ETag","Value":"W/\"dbrztyw7cpD/dvGeaqylyRiNofbn9I08NpD/6iCdbjA=\""},{"Name":"Last-Modified","Value":"Thu, 06 Nov 2025 18:33:46 GMT"},{"Name":"Vary","Value":"Content-Encoding"}],"EndpointProperties":[{"Name":"integrity","Value":"sha256-dbrztyw7cpD/dvGeaqylyRiNofbn9I08NpD/6iCdbjA="}]},{"Route":"_content/MudBlazor/MudBlazor.min.css","AssetFile":"_content/MudBlazor/MudBlazor.min.css.gz","Selectors":[{"Name":"Content-Encoding","Value":"gzip","Quality":"0.000015396222"}],"ResponseHeaders":[{"Name":"Accept-Ranges","Value":"bytes"},{"Name":"Cache-Control","Value":"no-cache"},{"Name":"Content-Encoding","Value":"gzip"},{"Name":"Content-Length","Value":"64950"},{"Name":"Content-Type","Value":"text/css"},{"Name":"ETag","Value":"\"zKm8DBXwA4Hy9T7/UbNktQw5/0CcFcVgXwUfWkjKmwk=\""},{"Name":"ETag","Value":"W/\"dbrztyw7cpD/dvGeaqylyRiNofbn9I08NpD/6iCdbjA=\""},{"Name":"Last-Modified","Value":"Thu, 06 Nov 2025 18:33:44 GMT"},{"Name":"Vary","Value":"Content-Encoding"}],"EndpointProperties":[{"Name":"integrity","Value":"sha256-dbrztyw7cpD/dvGeaqylyRiNofbn9I08NpD/6iCdbjA="}]},{"Route":"_content/MudBlazor/MudBlazor.min.css.br","AssetFile":"_content/MudBlazor/MudBlazor.min.css.br","Selectors":[],"ResponseHeaders":[{"Name":"Accept-Ranges","Value":"bytes"},{"Name":"Cache-Control","Value":"no-cache"},{"Name":"Content-Encoding","Value":"br"},{"Name":"Content-Length","Value":"40866"},{"Name":"Content-Type","Value":"text/css"},{"Name":"ETag","Value":"\"a8Ltjuisqwofi2fPFT3W2OPhUqAlQaNRcv8Am3QD2q4=\""},{"Name":"Last-Modified","Value":"Thu, 06 Nov 2025 18:33:46 GMT"},{"Name":"Vary","Value":"Content-Encoding"}],"EndpointProperties":[{"Name":"integrity","Value":"sha256-a8Ltjuisqwofi2fPFT3W2OPhUqAlQaNRcv8Am3QD2q4="}]},{"Route":"_content/MudBlazor/MudBlazor.min.css.gz","AssetFile":"_content/MudBlazor/MudBlazor.min.css.gz","Selectors":[],"ResponseHeaders":[{"Name":"Accept-Ranges","Value":"bytes"},{"Name":"Cache-Control","Value":"no-cache"},{"Name":"Content-Encoding","Value":"gzip"},{"Name":"Content-Length","Value":"64950"},{"Name":"Content-Type","Value":"text/css"},{"Name":"ETag","Value":"\"zKm8DBXwA4Hy9T7/UbNktQw5/0CcFcVgXwUfWkjKmwk=\""},{"Name":"Last-Modified","Value":"Thu, 06 Nov 2025 18:33:44 GMT"},{"Name":"Vary","Value":"Content-Encoding"}],"EndpointProperties":[{"Name":"integrity","Value":"sha256-zKm8DBXwA4Hy9T7/UbNktQw5/0CcFcVgXwUfWkjKmwk="}]},{"Route":"_content/MudBlazor/MudBlazor.min.f7451o6lak.css","AssetFile":"_content/MudBlazor/MudBlazor.min.css","Selectors":[],"ResponseHeaders":[{"Name":"Accept-Ranges","Value":"bytes"},{"Name":"Cache-Control","Value":"max-age=31536000, immutable"},{"Name":"Content-Length","Value":"604382"},{"Name":"Content-Type","Value":"text/css"},{"Name":"ETag","Value":"\"dbrztyw7cpD/dvGeaqylyRiNofbn9I08NpD/6iCdbjA=\""},{"Name":"Last-Modified","Value":"Fri, 30 May 2025 08:29:34 GMT"}],"EndpointProperties":[{"Name":"fingerprint","Value":"f7451o6lak"},{"Name":"integrity","Value":"sha256-dbrztyw7cpD/dvGeaqylyRiNofbn9I08NpD/6iCdbjA="},{"Name":"label","Value":"_content/MudBlazor/MudBlazor.min.css"}]},{"Route":"_content/MudBlazor/MudBlazor.min.js","AssetFile":"_content/MudBlazor/MudBlazor.min.js","Selectors":[],"ResponseHeaders":[{"Name":"Accept-Ranges","Value":"bytes"},{"Name":"Cache-Control","Value":"no-cache"},{"Name":"Content-Length","Value":"73018"},{"Name":"Content-Type","Value":"text/javascript"},{"Name":"ETag","Value":"\"gCxH2RI5xXVkxLFgcHgDuyoXu7IWZwdvZ5USM+27dIk=\""},{"Name":"Last-Modified","Value":"Fri, 30 May 2025 08:29:34 GMT"}],"EndpointProperties":[{"Name":"integrity","Value":"sha256-gCxH2RI5xXVkxLFgcHgDuyoXu7IWZwdvZ5USM+27dIk="}]},{"Route":"_content/MudBlazor/MudBlazor.min.js","AssetFile":"_content/MudBlazor/MudBlazor.min.js.gz","Selectors":[{"Name":"Content-Encoding","Value":"gzip","Quality":"0.000064867670"}],"ResponseHeaders":[{"Name":"Accept-Ranges","Value":"bytes"},{"Name":"Cache-Control","Value":"no-cache"},{"Name":"Content-Encoding","Value":"gzip"},{"Name":"Content-Length","Value":"15415"},{"Name":"Content-Type","Value":"text/javascript"},{"Name":"ETag","Value":"\"NXmqW5xif+a3iCLza1I0thnYxMWLy140Mi+6m2sR0gU=\""},{"Name":"ETag","Value":"W/\"gCxH2RI5xXVkxLFgcHgDuyoXu7IWZwdvZ5USM+27dIk=\""},{"Name":"Last-Modified","Value":"Thu, 06 Nov 2025 18:33:44 GMT"},{"Name":"Vary","Value":"Content-Encoding"}],"EndpointProperties":[{"Name":"integrity","Value":"sha256-gCxH2RI5xXVkxLFgcHgDuyoXu7IWZwdvZ5USM+27dIk="}]},{"Route":"_content/MudBlazor/MudBlazor.min.js","AssetFile":"_content/MudBlazor/MudBlazor.min.js.br","Selectors":[{"Name":"Content-Encoding","Value":"br","Quality":"0.000074074074"}],"ResponseHeaders":[{"Name":"Accept-Ranges","Value":"bytes"},{"Name":"Cache-Control","Value":"no-cache"},{"Name":"Content-Encoding","Value":"br"},{"Name":"Content-Length","Value":"13499"},{"Name":"Content-Type","Value":"text/javascript"},{"Name":"ETag","Value":"\"Gy/YeTqF+Brv60Nf/aoCb/rNA83GKTXMnahroSAqfsQ=\""},{"Name":"ETag","Value":"W/\"gCxH2RI5xXVkxLFgcHgDuyoXu7IWZwdvZ5USM+27dIk=\""},{"Name":"Last-Modified","Value":"Thu, 06 Nov 2025 18:33:45 GMT"},{"Name":"Vary","Value":"Content-Encoding"}],"EndpointProperties":[{"Name":"integrity","Value":"sha256-gCxH2RI5xXVkxLFgcHgDuyoXu7IWZwdvZ5USM+27dIk="}]},{"Route":"_content/MudBlazor/MudBlazor.min.js.br","AssetFile":"_content/MudBlazor/MudBlazor.min.js.br","Selectors":[],"ResponseHeaders":[{"Name":"Accept-Ranges","Value":"bytes"},{"Name":"Cache-Control","Value":"no-cache"},{"Name":"Content-Encoding","Value":"br"},{"Name":"Content-Length","Value":"13499"},{"Name":"Content-Type","Value":"text/javascript"},{"Name":"ETag","Value":"\"Gy/YeTqF+Brv60Nf/aoCb/rNA83GKTXMnahroSAqfsQ=\""},{"Name":"Last-Modified","Value":"Thu, 06 Nov 2025 18:33:45 GMT"},{"Name":"Vary","Value":"Content-Encoding"}],"EndpointProperties":[{"Name":"integrity","Value":"sha256-Gy/YeTqF+Brv60Nf/aoCb/rNA83GKTXMnahroSAqfsQ="}]},{"Route":"_content/MudBlazor/MudBlazor.min.js.gz","AssetFile":"_content/MudBlazor/MudBlazor.min.js.gz","Selectors":[],"ResponseHeaders":[{"Name":"Accept-Ranges","Value":"bytes"},{"Name":"Cache-Control","Value":"no-cache"},{"Name":"Content-Encoding","Value":"gzip"},{"Name":"Content-Length","Value":"15415"},{"Name":"Content-Type","Value":"text/javascript"},{"Name":"ETag","Value":"\"NXmqW5xif+a3iCLza1I0thnYxMWLy140Mi+6m2sR0gU=\""},{"Name":"Last-Modified","Value":"Thu, 06 Nov 2025 18:33:44 GMT"},{"Name":"Vary","Value":"Content-Encoding"}],"EndpointProperties":[{"Name":"integrity","Value":"sha256-NXmqW5xif+a3iCLza1I0thnYxMWLy140Mi+6m2sR0gU="}]},{"Route":"_content/MudBlazor/MudBlazor.min.shgs22i5w1.js","AssetFile":"_content/MudBlazor/MudBlazor.min.js","Selectors":[],"ResponseHeaders":[{"Name":"Accept-Ranges","Value":"bytes"},{"Name":"Cache-Control","Value":"max-age=31536000, immutable"},{"Name":"Content-Length","Value":"73018"},{"Name":"Content-Type","Value":"text/javascript"},{"Name":"ETag","Value":"\"gCxH2RI5xXVkxLFgcHgDuyoXu7IWZwdvZ5USM+27dIk=\""},{"Name":"Last-Modified","Value":"Fri, 30 May 2025 08:29:34 GMT"}],"EndpointProperties":[{"Name":"fingerprint","Value":"shgs22i5w1"},{"Name":"integrity","Value":"sha256-gCxH2RI5xXVkxLFgcHgDuyoXu7IWZwdvZ5USM+27dIk="},{"Name":"label","Value":"_content/MudBlazor/MudBlazor.min.js"}]},{"Route":"favicon.ifv42okdf2.png","AssetFile":"favicon.png","Selectors":[],"ResponseHeaders":[{"Name":"Accept-Ranges","Value":"bytes"},{"Name":"Cache-Control","Value":"max-age=31536000, immutable"},{"Name":"Content-Length","Value":"1148"},{"Name":"Content-Type","Value":"image/png"},{"Name":"ETag","Value":"\"4mWsDy3aHl36ZbGt8zByK7Pvd4kRUoNgTYzRnwmPHwg=\""},{"Name":"Last-Modified","Value":"Tue, 04 Nov 2025 18:25:35 GMT"}],"EndpointProperties":[{"Name":"fingerprint","Value":"ifv42okdf2"},{"Name":"integrity","Value":"sha256-4mWsDy3aHl36ZbGt8zByK7Pvd4kRUoNgTYzRnwmPHwg="},{"Name":"label","Value":"favicon.png"}]},{"Route":"favicon.png","AssetFile":"favicon.png","Selectors":[],"ResponseHeaders":[{"Name":"Accept-Ranges","Value":"bytes"},{"Name":"Cache-Control","Value":"no-cache"},{"Name":"Content-Length","Value":"1148"},{"Name":"Content-Type","Value":"image/png"},{"Name":"ETag","Value":"\"4mWsDy3aHl36ZbGt8zByK7Pvd4kRUoNgTYzRnwmPHwg=\""},{"Name":"Last-Modified","Value":"Tue, 04 Nov 2025 18:25:35 GMT"}],"EndpointProperties":[{"Name":"integrity","Value":"sha256-4mWsDy3aHl36ZbGt8zByK7Pvd4kRUoNgTYzRnwmPHwg="}]}]}